e400a1,127.0.0.1,GET,http://europeana.localhost/async/dashboardnews,1405082501,cf3bf4
080bea,127.0.0.1,GET,http://europeana.localhost/async/showstack?items=7&options=full,1405082501,cf3bf4
036123,127.0.0.1,GET,http://europeana.localhost/async/latestactivity,1405082501,cf3bf4
cf3bf4,127.0.0.1,GET,http://europeana.localhost/bolt/,1405082501,
d30787,127.0.0.1,GET,http://europeana.localhost/bolt/prefill?force=1,1405082508,
3d4355,127.0.0.1,GET,http://europeana.localhost/bolt/prefill,1405082508,
fd2fe9,127.0.0.1,POST,http://europeana.localhost/bolt/prefill,1405082514,
3b5844,127.0.0.1,POST,http://europeana.localhost/bolt/prefill,1405082517,
0ac41f,127.0.0.1,POST,http://europeana.localhost/bolt/prefill,1405082519,
89fbd5,127.0.0.1,GET,http://europeana.localhost/bolt/prefill,1405082519,
fe5f08,127.0.0.1,GET,http://europeana.localhost/,1405082521,
2f7962,127.0.0.1,GET,http://europeana.localhost/async/dashboardnews,1405084617,ba5903
e66947,127.0.0.1,GET,http://europeana.localhost/async/showstack?items=7&options=full,1405084617,ba5903
c412b2,127.0.0.1,GET,http://europeana.localhost/async/latestactivity,1405084617,ba5903
ba5903,127.0.0.1,GET,http://europeana.localhost/bolt/,1405084617,
5a02f5,127.0.0.1,GET,http://europeana.localhost/async/latestactivity,1405084638,
2ceefc,127.0.0.1,GET,http://europeana.localhost/async/latestactivity,1405084669,
e2ea93,127.0.0.1,GET,http://europeana.localhost/async/latestactivity,1405084699,
d014bd,127.0.0.1,GET,http://europeana.localhost/async/latestactivity,1405084729,
0f0b24,127.0.0.1,GET,http://europeana.localhost/async/latestactivity,1405084760,
e2aac0,127.0.0.1,GET,http://europeana.localhost/async/latestactivity,1405084790,
241f92,127.0.0.1,GET,http://europeana.localhost/async/latestactivity,1405084820,
2829e4,127.0.0.1,GET,http://europeana.localhost/async/latestactivity,1405084850,
4ec181,127.0.0.1,GET,http://europeana.localhost/async/latestactivity,1405084880,
62e3d1,127.0.0.1,GET,http://europeana.localhost/async/latestactivity,1405084910,
7a1ea7,127.0.0.1,GET,http://europeana.localhost/async/latestactivity,1405084940,
c414b3,127.0.0.1,GET,http://europeana.localhost/async/latestactivity,1405084970,
af14b3,127.0.0.1,GET,http://europeana.localhost/async/latestactivity,1405085000,
334921,127.0.0.1,GET,http://europeana.localhost/async/latestactivity,1405085030,
70444d,127.0.0.1,GET,http://europeana.localhost/async/latestactivity,1405085060,
0dd072,127.0.0.1,GET,http://europeana.localhost/async/latestactivity,1405085091,
81aa9e,127.0.0.1,GET,http://europeana.localhost/async/latestactivity,1405085121,
200e40,127.0.0.1,GET,http://europeana.localhost/async/latestactivity,1405085152,
66292d,127.0.0.1,GET,http://europeana.localhost/async/latestactivity,1405085182,
6514d2,127.0.0.1,GET,http://europeana.localhost/async/latestactivity,1405085212,
71b627,127.0.0.1,GET,http://europeana.localhost/async/latestactivity,1405085242,
63fbd9,127.0.0.1,GET,http://europeana.localhost/async/latestactivity,1405085272,
37176b,127.0.0.1,GET,http://europeana.localhost/async/dashboardnews,1405085284,335ff5
f61d30,127.0.0.1,GET,http://europeana.localhost/async/showstack?items=7&options=full,1405085284,335ff5
10e927,127.0.0.1,GET,http://europeana.localhost/async/latestactivity,1405085284,335ff5
335ff5,127.0.0.1,GET,http://europeana.localhost/bolt/,1405085284,
bcef7a,127.0.0.1,GET,http://europeana.localhost/,1405085288,
0ea781,127.0.0.1,GET,http://europeana.localhost/async/latestactivity,1405085305,
451973,127.0.0.1,GET,http://europeana.localhost/async/latestactivity,1405085336,
9f1f61,127.0.0.1,GET,http://europeana.localhost/async/latestactivity,1405085367,
d09a0f,127.0.0.1,GET,http://europeana.localhost/async/latestactivity,1405085398,
c613ee,127.0.0.1,GET,http://europeana.localhost/async/latestactivity,1405085429,
836983,127.0.0.1,GET,http://europeana.localhost/async/latestactivity,1405085459,
eef1f6,127.0.0.1,GET,http://europeana.localhost/async/latestactivity,1405085489,
20403f,127.0.0.1,GET,http://europeana.localhost/async/latestactivity,1405085519,
49e246,127.0.0.1,GET,http://europeana.localhost/async/latestactivity,1405085549,
c02e58,127.0.0.1,GET,http://europeana.localhost/,1405085560,
488c2e,127.0.0.1,GET,http://europeana.localhost/async/latestactivity,1405085579,
8885d4,127.0.0.1,GET,http://europeana.localhost/async/latestactivity,1405085610,
42ed14,127.0.0.1,GET,http://europeana.localhost/async/latestactivity,1405085640,
b52d48,127.0.0.1,GET,http://europeana.localhost/async/latestactivity,1405085670,
c3b818,127.0.0.1,GET,http://europeana.localhost/async/latestactivity,1405085700,
fcf8a3,127.0.0.1,GET,http://europeana.localhost/async/latestactivity,1405085730,
acdbb6,127.0.0.1,GET,http://europeana.localhost/async/latestactivity,1405085760,
355aa0,127.0.0.1,GET,http://europeana.localhost/async/latestactivity,1405085790,
b0d953,127.0.0.1,GET,http://europeana.localhost/async/latestactivity,1405085821,
0ac738,127.0.0.1,GET,http://europeana.localhost/async/latestactivity,1405085851,
820a18,127.0.0.1,GET,http://europeana.localhost/async/latestactivity,1405085881,
58d5eb,127.0.0.1,GET,http://europeana.localhost/async/latestactivity,1405085911,
a882b4,127.0.0.1,GET,http://europeana.localhost/async/latestactivity,1405085941,
996795,127.0.0.1,GET,http://europeana.localhost/async/latestactivity,1405085971,
f62375,127.0.0.1,GET,http://europeana.localhost/async/latestactivity,1405086001,
be4ad5,127.0.0.1,GET,http://europeana.localhost/async/latestactivity,1405086031,
47fa51,127.0.0.1,GET,http://europeana.localhost/async/latestactivity,1405086061,
7bc832,127.0.0.1,GET,http://europeana.localhost/async/latestactivity,1405086091,
443da2,127.0.0.1,GET,http://europeana.localhost/async/latestactivity,1405086121,
e98792,127.0.0.1,GET,http://europeana.localhost/async/latestactivity,1405086151,
d596a2,127.0.0.1,GET,http://europeana.localhost/async/latestactivity,1405086181,
7a61c4,127.0.0.1,GET,http://europeana.localhost/async/latestactivity,1405086212,
6455f6,127.0.0.1,GET,http://europeana.localhost/async/latestactivity,1405086242,
e977bf,127.0.0.1,GET,http://europeana.localhost/async/dashboardnews,1405086248,4724e1
f58ab5,127.0.0.1,GET,http://europeana.localhost/async/showstack?items=7&options=full,1405086248,4724e1
b98ec0,127.0.0.1,GET,http://europeana.localhost/async/latestactivity,1405086248,4724e1
4724e1,127.0.0.1,GET,http://europeana.localhost/bolt/,1405086248,
912fac,127.0.0.1,GET,http://europeana.localhost/async/latestactivity,1405086269,
865485,127.0.0.1,GET,http://europeana.localhost/async/latestactivity,1405086300,
ed92aa,127.0.0.1,GET,http://europeana.localhost/async/latestactivity,1405086330,
88f867,127.0.0.1,GET,http://europeana.localhost/async/latestactivity,1405086360,
b8e4d8,127.0.0.1,GET,http://europeana.localhost/async/latestactivity,1405086390,
9496aa,127.0.0.1,GET,http://europeana.localhost/async/latestactivity,1405086420,
32d565,127.0.0.1,GET,http://europeana.localhost/async/latestactivity,1405086450,
68e8bc,127.0.0.1,GET,http://europeana.localhost/async/latestactivity,1405086480,
2a1b96,127.0.0.1,GET,http://europeana.localhost/async/latestactivity,1405086511,
0bd992,127.0.0.1,GET,http://europeana.localhost/async/latestactivity,1405086541,
3657da,127.0.0.1,GET,http://europeana.localhost/async/latestactivity,1405086571,
ab71c1,127.0.0.1,GET,http://europeana.localhost/async/latestactivity,1405086601,
6c656c,127.0.0.1,GET,http://europeana.localhost/async/latestactivity,1405086631,
519e84,127.0.0.1,GET,http://europeana.localhost/async/latestactivity,1405086661,
a331ef,127.0.0.1,GET,http://europeana.localhost/async/latestactivity,1405086691,
d1d300,127.0.0.1,GET,http://europeana.localhost/async/latestactivity,1405086721,
5c1e0f,127.0.0.1,GET,http://europeana.localhost/async/latestactivity,1405086751,
350cb6,127.0.0.1,GET,http://europeana.localhost/async/latestactivity,1405086781,
edfe39,127.0.0.1,GET,http://europeana.localhost/async/latestactivity,1405086811,
37292f,127.0.0.1,GET,http://europeana.localhost/bolt,1405424507,
d4a2c5,127.0.0.1,GET,http://europeana.localhost/async/dashboardnews,1405424508,b0ecb9
577304,127.0.0.1,GET,http://europeana.localhost/async/showstack?items=7&options=full,1405424508,b0ecb9
bb7d32,127.0.0.1,GET,http://europeana.localhost/async/latestactivity,1405424508,b0ecb9
b0ecb9,127.0.0.1,GET,http://europeana.localhost/bolt/,1405424508,
def672,127.0.0.1,GET,http://europeana.localhost/bolt/files/files,1405424518,
889150,127.0.0.1,POST,http://europeana.localhost/bolt/files/files,1405424656,
468a4d,127.0.0.1,GET,http://europeana.localhost/bolt/files/files,1405424656,
7bb655,::1,POST,http://localhost/Europeana-Professional/bolt/login,1405606091,
419a2a,::1,GET,http://localhost/Europeana-Professional/async/dashboardnews,1405606094,55815e
4c5375,::1,GET,http://localhost/Europeana-Professional/async/showstack?items=7&options=full,1405606094,55815e
3959de,::1,GET,http://localhost/Europeana-Professional/async/latestactivity,1405606094,55815e
55815e,::1,GET,http://localhost/Europeana-Professional/bolt/,1405606094,
55010d,::1,GET,http://localhost/Europeana-Professional/bolt/dbcheck,1405606098,
3fa67b,::1,POST,http://localhost/Europeana-Professional/bolt/dbupdate,1405606213,
d09a55,::1,GET,http://localhost/Europeana-Professional/bolt/dbupdate_result?messages=%5B%22Created%20table%20%60bolt_homepage%60.%22%2C%22Created%20table%20%60bolt_publications%60.%22%2C%22Created%20table%20%60bolt_person%60.%22%2C%22Created%20table%20%60bolt_event%60.%22%2C%22Created%20table%20%60bolt_career%60.%22%2C%22Created%20table%20%60bolt_blog%60.%22%2C%22Updated%20%60bolt_pages%60%20table%20to%20match%20current%20schema.%22%2C%22Created%20table%20%60bolt_structure%60.%22%2C%22Created%20table%20%60bolt_location%60.%22%5D,1405606213,
ef02cd,::1,GET,http://localhost/Europeana-Professional/async/lastmodified/homepage,1405606315,8c7998
4e63d8,::1,GET,http://localhost/Europeana-Professional/async/showstack?items=5&options=full,1405606315,8c7998
8c7998,::1,GET,http://localhost/Europeana-Professional/bolt/overview/homepage,1405606315,
5b6a85,::1,GET,http://localhost/Europeana-Professional/async/lastmodified/homepage,1405606396,a84857
cb453d,::1,GET,http://localhost/Europeana-Professional/async/showstack?items=5&options=full,1405606396,a84857
a84857,::1,GET,http://localhost/Europeana-Professional/bolt/editcontent/homepage/,1405606396,
db465f,::1,GET,http://localhost/Europeana-Professional/bolt/dbcheck,1405606886,
024f15,::1,POST,http://localhost/Europeana-Professional/bolt/dbupdate,1405606894,
eba94e,::1,GET,http://localhost/Europeana-Professional/bolt/dbupdate_result?messages=%5B%22Created%20table%20%60bolt_homepages%60.%22%2C%22Created%20table%20%60bolt_persons%60.%22%2C%22Created%20table%20%60bolt_events%60.%22%2C%22Created%20table%20%60bolt_careers%60.%22%2C%22Created%20table%20%60bolt_blogs%60.%22%2C%22Created%20table%20%60bolt_structures%60.%22%2C%22Created%20table%20%60bolt_locations%60.%22%5D,1405606895,
882e8a,::1,GET,http://localhost/Europeana-Professional/bolt/dbcheck,1405606897,
6ad4f0,::1,GET,http://localhost/Europeana-Professional/async/lastmodified/locations,1405607733,c8a2df
c31905,::1,GET,http://localhost/Europeana-Professional/async/showstack?items=5&options=full,1405607733,c8a2df
c8a2df,::1,GET,http://localhost/Europeana-Professional/bolt/overview/location,1405607733,
fb21d0,::1,GET,http://localhost/Europeana-Professional/async/lastmodified/locations,1405607735,8ee178
1faec1,::1,GET,http://localhost/Europeana-Professional/async/showstack?items=5&options=full,1405607735,8ee178
8ee178,::1,GET,http://localhost/Europeana-Professional/bolt/editcontent/locations/,1405607735,
5fa75b,::1,GET,http://localhost/Europeana-Professional/async/makeuri?contenttypeslug=locations&fulluri=false&id=&title=%20,1405607736,
